StudentID,First Name,Last Name,Homework 1,Homework 1 - Max Points,Homework 1 - Submission Time,Homework 2,Homework 2 - Max Points,Homework 2 - Submission Time,Exam 1,Exam 1 - Max Points,Exam 1 - Submission Time,Exam 2,Exam 2 - Max Points,Exam 2 - Submission Time
N3L5wmsHap,Thea,Busby,10,80,03/01/2022 09:36,73,100,02/03/2022 16:32,26,100,10/04/2022 12:13,2,75,12/04/2022 10:45
Pj5zB8YssQ,Shelbie,Beach,78,80,03/01/2022 04:51,81,100,10/02/2022 16:54,39,100,10/04/2022 08:21,20,75,12/04/2022 01:46
zRXGp582bQ,Jocelyn,Bowers,62,80,06/01/2022 23:36,28,100,07/02/2022 19:51,89,100,10/04/2022 01:03,59,75,12/04/2022 15:57
jSuS7Aze6M,Safiyyah,Larson,0,80,06/01/2022 12:26,55,100,06/03/2022 06:34,90,100,10/04/2022 21:21,16,75,12/04/2022 12:46
G4L8x4E8CI,Tomasz,Hope,44,80,04/01/2022 07:36,29,100,04/02/2022 10:38,88,100,10/04/2022 08:11,10,75,12/04/2022 15:55
IC2RApd5Jv,Montel,Mathis,24,80,07/01/2022 01:03,26,100,06/03/2022 00:58,53,100,10/04/2022 06:02,36,75,12/04/2022 10:18
h6GzGTsmqx,Jordan,Moody,19,80,08/01/2022 05:32,93,100,03/02/2022 18:14,25,100,10/04/2022 17:06,40,75,12/04/2022 06:18
IgBySbbP67,Derren,Parks,10,80,02/01/2022 07:52,34,100,20/02/2022 06:14,88,100,10/04/2022 05:45,37,75,12/04/2022 00:24
kMHlqYO7jf,Devante,Coffey,79,80,05/01/2022 04:49,76,100,11/02/2022 01:07,17,100,10/04/2022 11:12,43,75,12/04/2022 01:26
qP7FzJB3Jv,Dione,Gomez,20,80,04/01/2022 08:29,12,100,22/02/2022 18:49,68,100,10/04/2022 21:06,53,75,12/04/2022 05:56
DJbNkWyoUO,Maureen,Rojas,25,80,02/01/2022 05:44,78,100,02/03/2022 22:48,47,100,10/04/2022 17:24,46,75,12/04/2022 18:10
0LymnVVdUF,Jimmy,Lee,66,80,04/01/2022 23:56,11,100,20/02/2022 11:06,95,100,10/04/2022 11:54,9,75,12/04/2022 19:41
NDwMUxzHk0,Michelle,Webber,69,80,10/01/2022 06:30,18,100,06/02/2022 01:12,93,100,10/04/2022 09:38,52,75,12/04/2022 11:21
NgwdodNq0o,Kade,Wolf,14,80,01/01/2022 14:12,53,100,04/02/2022 17:52,96,100,10/04/2022 03:38,7,75,12/04/2022 03:18
ZKzIH8PCCn,Adem,Waters,30,80,03/01/2022 10:57,4,100,06/02/2022 22:56,28,100,10/04/2022 02:10,21,75,12/04/2022 17:58
fwbYgRtP5S,Ian,Smyth,40,80,03/01/2022 03:05,99,100,10/02/2022 19:46,36,100,10/04/2022 03:36,55,75,12/04/2022 16:53
VuCguJFDsJ,Ravinder,Butt,3,80,08/01/2022 02:16,27,100,09/03/2022 07:41,88,100,10/04/2022 04:28,33,75,12/04/2022 01:29
4yRQL7L8fU,Connor,Partridge,32,80,01/01/2022 16:58,82,100,23/02/2022 11:02,48,100,10/04/2022 01:59,62,75,12/04/2022 02:32
75cxx7hthX,Brent,Couch,19,80,04/01/2022 20:08,53,100,27/02/2022 10:24,73,100,10/04/2022 02:41,40,75,12/04/2022 22:13
whuxWJ6a4b,Janice,Lindsay,62,80,10/01/2022 12:26,60,100,19/02/2022 21:16,8,100,10/04/2022 08:27,68,75,12/04/2022 20:48
59EwbSLbGN,Ellesha,Macdonald,20,80,05/01/2022 19:23,35,100,07/02/2022 14:13,38,100,10/04/2022 09:49,72,75,12/04/2022 17:17
JI6YAk6bJ6,Annie,Payne,4,80,07/01/2022 19:29,50,100,23/02/2022 06:48,69,100,10/04/2022 20:05,51,75,12/04/2022 20:28
7PILzkL2aG,Abdur-Rahman,Townsend,79,80,08/01/2022 01:30,82,100,01/03/2022 03:52,60,100,10/04/2022 20:40,51,75,12/04/2022 05:07
O9AgqHZxlt,Lee,Nielsen,56,80,07/01/2022 21:04,94,100,26/02/2022 07:21,30,100,10/04/2022 23:43,12,75,12/04/2022 05:15
sZiFRNvBEh,Madeeha,Bradford,57,80,09/01/2022 00:42,86,100,03/03/2022 12:14,38,100,10/04/2022 21:46,42,75,12/04/2022 23:44
RpxgibEvhM,Ezra,Lozano,34,80,03/01/2022 06:34,66,100,19/02/2022 15:47,48,100,10/04/2022 02:49,62,75,12/04/2022 17:09
9fGBxoiDR1,Nate,English,20,80,04/01/2022 20:27,63,100,04/03/2022 21:42,72,100,10/04/2022 07:46,67,75,12/04/2022 17:24
sq3WM0fRYl,Alayna,James,62,80,04/01/2022 11:44,75,100,07/02/2022 16:46,16,100,10/04/2022 05:44,61,75,12/04/2022 00:18
4uUokHoon0,Martha,Cortes,68,80,10/01/2022 13:13,11,100,02/03/2022 20:08,44,100,10/04/2022 14:55,50,75,12/04/2022 03:08
1bn0qASSUc,Makenzie,May,39,80,02/01/2022 23:16,73,100,09/03/2022 11:00,57,100,10/04/2022 01:22,52,75,12/04/2022 07:34
hAkIWLz3yF,Miah,Soto,25,80,08/01/2022 00:05,49,100,11/02/2022 14:36,96,100,10/04/2022 02:43,2,75,12/04/2022 19:15
5FRG4AdabC,Katie,Henry,0,80,01/01/2022 08:50,88,100,10/03/2022 08:21,70,100,10/04/2022 17:40,5,75,12/04/2022 05:53
nNUNQy1y83,Darcy,Harmon,29,80,08/01/2022 06:55,73,100,08/02/2022 06:22,86,100,10/04/2022 10:48,15,75,12/04/2022 09:04
dmmoCp5yHC,Aimee,Callahan,72,80,10/01/2022 01:52,26,100,16/02/2022 00:29,87,100,10/04/2022 21:29,50,75,12/04/2022 10:20
Aj7whFd7jY,Konnor,Lamb,74,80,05/01/2022 16:34,34,100,14/02/2022 00:53,89,100,10/04/2022 12:29,3,75,12/04/2022 00:15
SOVmCJ1HwM,Elli,Montoya,8,80,09/01/2022 07:09,45,100,12/02/2022 08:11,100,100,10/04/2022 03:04,21,75,12/04/2022 21:50
O7qJr34sHw,Harrison,Swan,60,80,04/01/2022 00:51,67,100,08/02/2022 13:46,75,100,10/04/2022 07:37,29,75,12/04/2022 02:37
NXjRrQQwyg,Jagoda,Thomas,24,80,10/01/2022 17:56,8,100,23/02/2022 03:32,82,100,10/04/2022 23:18,14,75,12/04/2022 16:24
KI8qpBiMZX,Aleyna,Dalton,26,80,02/01/2022 03:31,23,100,10/03/2022 22:44,55,100,10/04/2022 08:11,35,75,12/04/2022 19:28
MeybQg00Sn,Shamas,Whelan,9,80,05/01/2022 02:47,94,100,27/02/2022 06:58,52,100,10/04/2022 09:51,25,75,12/04/2022 11:10
QA10kkSgqq,Lindsay,Neale,70,80,07/01/2022 01:52,83,100,22/02/2022 22:58,82,100,10/04/2022 01:18,37,75,12/04/2022 01:21
PVAlxcqY0V,Shania,Bush,18,80,01/01/2022 17:42,80,100,21/02/2022 00:32,79,100,10/04/2022 06:25,43,75,12/04/2022 10:19
eF68y7VH39,Ciaron,Welsh,24,80,03/01/2022 01:39,58,100,11/02/2022 21:02,42,100,10/04/2022 20:39,49,75,12/04/2022 16:03
zUcZCzcZVj,Cassandra,O'Quinn,31,80,08/01/2022 22:03,84,100,02/03/2022 02:40,40,100,10/04/2022 17:10,52,75,12/04/2022 16:23
BCU2ohfA5U,Courtney,Dawson,71,80,02/01/2022 20:50,23,100,02/03/2022 05:26,18,100,10/04/2022 04:58,72,75,12/04/2022 09:51
o5KUfEiKNo,Aubrey,Armitage,48,80,06/01/2022 20:18,72,100,19/02/2022 12:24,63,100,10/04/2022 10:03,56,75,12/04/2022 15:23
F7jkEc8HfP,Isaiah,Britt,54,80,08/01/2022 22:16,74,100,07/02/2022 06:52,12,100,10/04/2022 14:14,34,75,12/04/2022 15:23
nc6hCHWZiS,Zakariyah,Cabrera,28,80,05/01/2022 23:30,14,100,19/02/2022 13:52,46,100,10/04/2022 13:33,47,75,12/04/2022 15:13
MYkmgzyBLy,Jadon,Peralta,50,80,07/01/2022 01:47,44,100,28/02/2022 15:55,50,100,10/04/2022 15:32,62,75,12/04/2022 07:43
lxxS40CD7K,Atticus,Daniels,40,80,06/01/2022 10:06,13,100,03/03/2022 06:34,67,100,10/04/2022 11:09,64,75,12/04/2022 16:09
GginPQceMN,Jordi,Powell,23,80,02/01/2022 05:56,32,100,21/02/2022 14:20,34,100,10/04/2022 10:59,39,75,12/04/2022 09:59
fufwKvEG57,Jon-Paul,Kelly,42,80,08/01/2022 03:01,39,100,24/02/2022 08:45,9,100,10/04/2022 22:21,40,75,12/04/2022 17:59
QgYQtmJhUB,Mario,Mckinney,10,80,05/01/2022 07:21,61,100,23/02/2022 14:23,30,100,10/04/2022 08:51,71,75,12/04/2022 04:27
p7RB3cIJmk,River,Wagner,76,80,09/01/2022 10:14,15,100,06/02/2022 19:39,5,100,10/04/2022 16:42,42,75,12/04/2022 23:08
4kuf0m1Gxk,Keaton,Hackett,10,80,06/01/2022 09:09,97,100,28/02/2022 08:59,33,100,10/04/2022 23:34,53,75,12/04/2022 17:30
3JhITC9lNC,Fox,Singh,71,80,08/01/2022 12:21,64,100,05/03/2022 05:21,35,100,10/04/2022 17:58,28,75,12/04/2022 08:55
jgK6Iyqrk5,Codie,Stubbs,75,80,08/01/2022 01:48,76,100,24/02/2022 20:23,20,100,10/04/2022 14:01,68,75,12/04/2022 13:52
ZX4lRvsYf8,Kie,Montes,56,80,04/01/2022 05:00,44,100,25/02/2022 15:08,9,100,10/04/2022 05:55,74,75,12/04/2022 23:58
l3XGtlt2ye,Devin,Dunn,6,80,05/01/2022 10:06,73,100,02/02/2022 18:02,55,100,10/04/2022 00:31,53,75,12/04/2022 19:18
qokq1alPzI,Hadley,Knights,24,80,08/01/2022 02:54,79,100,21/02/2022 12:00,69,100,10/04/2022 00:28,71,75,12/04/2022 02:24
RmHJuPxy7J,Ezekiel,Rennie,60,80,04/01/2022 06:14,39,100,09/03/2022 06:24,48,100,10/04/2022 19:03,71,75,12/04/2022 09:23
H9Ovpwq4rp,Isabell,Stone,21,80,08/01/2022 18:26,42,100,08/03/2022 09:11,98,100,10/04/2022 16:26,41,75,12/04/2022 23:23
p7r68T4O44,Jodie,Tapia,43,80,05/01/2022 15:46,22,100,27/02/2022 11:31,91,100,10/04/2022 12:18,44,75,12/04/2022 21:06
AcVHgy8BC5,Kishan,Dalby,61,80,08/01/2022 20:30,74,100,01/03/2022 23:53,55,100,10/04/2022 23:53,13,75,12/04/2022 09:00
SxrOqREvap,Millie-Mae,Bob,37,80,10/01/2022 22:02,20,100,04/03/2022 21:39,67,100,10/04/2022 02:18,13,75,12/04/2022 04:48
C48SqLJZTn,Huma,Francis,74,80,10/01/2022 04:38,1,100,16/02/2022 01:34,30,100,10/04/2022 23:30,57,75,12/04/2022 08:27
syGAoJlev2,Ahmad,Petty,51,80,05/01/2022 11:43,85,100,07/03/2022 09:28,94,100,10/04/2022 20:02,8,75,12/04/2022 15:14
TtEgQP2Srz,Umer,Branch,40,80,07/01/2022 12:08,88,100,02/02/2022 09:48,26,100,10/04/2022 17:55,52,75,12/04/2022 14:26
IhbsknXHLk,Virginia,Case,37,80,03/01/2022 05:17,47,100,02/03/2022 12:37,63,100,10/04/2022 12:11,49,75,12/04/2022 07:35
h9YAa00KYc,Brodie,Bateman,80,80,06/01/2022 04:22,82,100,12/02/2022 07:05,17,100,10/04/2022 21:14,59,75,12/04/2022 13:33
rDew9u0Ea9,Sachin,Miles,59,80,08/01/2022 04:12,68,100,05/03/2022 10:23,44,100,10/04/2022 12:48,64,75,12/04/2022 14:04
YkFQBSFj1m,Rahma,Lovell,63,80,06/01/2022 02:31,98,100,18/02/2022 18:22,73,100,10/04/2022 23:16,52,75,12/04/2022 11:24
l5iwnINhkL,Roger,Green,22,80,08/01/2022 12:23,40,100,15/02/2022 23:29,96,100,10/04/2022 05:01,40,75,12/04/2022 18:38
7fMGtdBr3W,Paolo,Perez,10,80,06/01/2022 16:18,98,100,05/03/2022 09:46,33,100,10/04/2022 13:22,34,75,12/04/2022 03:47
s0LCRrVViR,Tracey,Wise,79,80,05/01/2022 20:39,59,100,09/03/2022 02:24,31,100,10/04/2022 02:25,4,75,12/04/2022 16:48
R1G39FE2Ck,Asiyah,Wharton,71,80,10/01/2022 14:19,39,100,28/02/2022 00:45,100,100,10/04/2022 19:12,33,75,12/04/2022 15:25
DVDx2E8K5n,Riya,Mcdonald,45,80,03/01/2022 06:39,59,100,05/02/2022 18:35,5,100,10/04/2022 04:55,22,75,12/04/2022 08:26
RaKy4TR3hi,Penelope,Guy,35,80,10/01/2022 05:57,70,100,15/02/2022 05:51,34,100,10/04/2022 18:23,27,75,12/04/2022 07:24
xi7xC08sSx,Frederic,Lister,7,80,03/01/2022 08:55,94,100,18/02/2022 21:39,23,100,10/04/2022 11:56,28,75,12/04/2022 10:10
osU6WxihmA,Braydon,Horner,15,80,10/01/2022 09:31,81,100,10/03/2022 22:25,85,100,10/04/2022 08:47,58,75,12/04/2022 02:25
zWfQyhSPrD,Najma,Donaldson,21,80,04/01/2022 00:11,71,100,23/02/2022 22:56,27,100,10/04/2022 21:35,1,75,12/04/2022 01:07
zCoGLqjRpj,Christina,Campos,10,80,04/01/2022 14:29,17,100,05/02/2022 08:02,62,100,10/04/2022 17:17,55,75,12/04/2022 03:08
jgqJaRUFoM,Leonard,Bonilla,67,80,03/01/2022 22:55,70,100,23/02/2022 01:16,52,100,10/04/2022 12:02,4,75,12/04/2022 04:45
VjHKjOPcY5,Amna,Burris,53,80,07/01/2022 03:37,53,100,02/03/2022 06:46,51,100,10/04/2022 13:16,40,75,12/04/2022 21:54
THIsNT7br8,Chanice,Farrell,70,80,02/01/2022 17:15,60,100,14/02/2022 09:34,26,100,10/04/2022 12:20,61,75,12/04/2022 22:05
H3GJMxLDSQ,Sarah-Louise,Daly,35,80,02/01/2022 17:58,23,100,02/03/2022 23:49,77,100,10/04/2022 16:41,22,75,12/04/2022 16:21
qWlPdwzptP,Santino,Avery,8,80,07/01/2022 22:09,72,100,16/02/2022 18:25,12,100,10/04/2022 17:27,16,75,12/04/2022 12:30
TOrn0AEpXz,Skylar,Mcgee,16,80,07/01/2022 17:43,57,100,27/02/2022 00:16,47,100,10/04/2022 18:02,58,75,12/04/2022 19:21
8KrYi2F9b3,Edith,Rasmussen,67,80,05/01/2022 09:28,8,100,11/02/2022 07:59,60,100,10/04/2022 21:51,44,75,12/04/2022 20:25
Z8GI4QN5ce,Asha,Moreno,12,80,09/01/2022 19:36,1,100,19/02/2022 13:52,91,100,10/04/2022 15:07,10,75,12/04/2022 13:17
cvkNhnjZ7y,Kayla,Matthews,33,80,01/01/2022 11:58,87,100,06/02/2022 07:46,6,100,10/04/2022 04:07,24,75,12/04/2022 21:40
rxccjKJnb1,Caleb,Schultz,19,80,07/01/2022 04:48,86,100,06/03/2022 01:59,64,100,10/04/2022 09:42,68,75,12/04/2022 19:32
9NF8knYuQS,Riccardo,Irwin,47,80,01/01/2022 16:41,74,100,04/03/2022 21:39,27,100,10/04/2022 17:22,32,75,12/04/2022 09:43
3Jx1PiYy4l,June,Fletcher,32,80,06/01/2022 12:16,28,100,26/02/2022 10:59,65,100,10/04/2022 07:58,53,75,12/04/2022 05:53
2kjkqTr648,Armaan,Fuller,79,80,08/01/2022 23:49,66,100,20/02/2022 04:15,18,100,10/04/2022 18:59,69,75,12/04/2022 08:29
xAbbIeCe5d,Rubie,Hopper,0,80,07/01/2022 20:09,14,100,09/02/2022 01:33,28,100,10/04/2022 22:52,17,75,12/04/2022 19:37
aMUCn7UNr4,Mayson,Mcbride,67,80,07/01/2022 04:30,100,100,27/02/2022 13:43,33,100,10/04/2022 03:31,46,75,12/04/2022 11:31
XXygsT4qwV,Jacqueline,Whittle,42,80,10/01/2022 15:21,53,100,25/02/2022 01:58,95,100,10/04/2022 11:34,15,75,12/04/2022 21:26
BXPcvKyWNv,Griff,Huynh,76,80,04/01/2022 09:33,52,100,18/02/2022 07:16,51,100,10/04/2022 03:44,24,75,12/04/2022 22:28
BT2eCIlORW,Perry,Tang,17,80,01/01/2022 04:05,4,100,12/02/2022 13:06,2,100,10/04/2022 00:34,41,75,12/04/2022 13:43
NhuDbl83Gq,Ariel,Coleman,64,80,10/01/2022 13:49,37,100,23/02/2022 08:43,86,100,10/04/2022 16:33,8,75,12/04/2022 03:47
lGcD7R3bFh,Brenda,Russo,63,80,02/01/2022 02:48,52,100,16/02/2022 10:42,23,100,10/04/2022 23:13,54,75,12/04/2022 17:02
W966WbiFyL,Christine,Gentry,9,80,01/01/2022 14:10,95,100,09/02/2022 04:25,33,100,10/04/2022 02:53,55,75,12/04/2022 18:12
kAISIC9CjC,Lyla-Rose,Lucas,29,80,09/01/2022 22:50,54,100,20/02/2022 15:43,24,100,10/04/2022 19:34,62,75,12/04/2022 07:31
E6soPfjrfe,Zakariya,Bennett,12,80,03/01/2022 12:36,31,100,03/03/2022 13:44,85,100,10/04/2022 20:14,69,75,12/04/2022 03:49
YXX1XbZBM8,Hamid,Hart,5,80,08/01/2022 00:57,21,100,11/02/2022 07:55,15,100,10/04/2022 14:50,44,75,12/04/2022 13:00
JrxyuNfVn5,Mila,Richard,18,80,10/01/2022 10:38,84,100,08/02/2022 03:07,92,100,10/04/2022 11:36,70,75,12/04/2022 08:17
nfeKG8bXqy,Theodore,Schmitt,54,80,04/01/2022 04:45,5,100,11/02/2022 14:21,58,100,10/04/2022 21:15,40,75,12/04/2022 08:52
NOwMgetCwP,Eli,Carpenter,41,80,07/01/2022 21:54,45,100,05/03/2022 03:30,83,100,10/04/2022 20:06,9,75,12/04/2022 02:46
Mk0FvmGUJG,Madison,Rivera,18,80,09/01/2022 04:58,9,100,21/02/2022 19:06,6,100,10/04/2022 05:19,38,75,12/04/2022 11:25
iVbzf5TgjE,Sahara,Sweeney,57,80,02/01/2022 19:36,96,100,10/03/2022 08:26,74,100,10/04/2022 22:37,62,75,12/04/2022 15:34
ItzN51jbtz,Ellenor,Dickson,43,80,09/01/2022 09:54,91,100,20/02/2022 04:37,24,100,10/04/2022 06:42,65,75,12/04/2022 08:50
VLChtskXFl,Eloise,Benton,48,80,04/01/2022 15:09,92,100,07/03/2022 03:16,85,100,10/04/2022 01:01,6,75,12/04/2022 13:50
kHeEHW8aDb,Sunil,Chadwick,30,80,01/01/2022 21:29,6,100,15/02/2022 20:52,11,100,10/04/2022 14:26,62,75,12/04/2022 23:23
tiZ79e4IZz,Layla,Hickman,75,80,05/01/2022 00:54,41,100,02/03/2022 17:49,60,100,10/04/2022 14:46,37,75,12/04/2022 23:08
RHpmhWKr7y,Rebekah,Merritt,18,80,10/01/2022 14:28,45,100,17/02/2022 05:38,71,100,10/04/2022 08:18,19,75,12/04/2022 13:49
LpVw2LUtOb,Zhane,Gomez,65,80,09/01/2022 07:33,61,100,25/02/2022 23:28,74,100,10/04/2022 03:36,25,75,12/04/2022 01:05
0x5qPnClvF,Charly,Curtis,12,80,02/01/2022 05:05,31,100,08/03/2022 13:01,66,100,10/04/2022 22:37,31,75,12/04/2022 20:22
Le6apDvmon,Fletcher,Marriott,45,80,06/01/2022 02:16,74,100,08/02/2022 12:53,35,100,10/04/2022 08:37,22,75,12/04/2022 20:04
6sgzkYpiDo,Amelia-Mae,Finley,66,80,08/01/2022 01:26,33,100,02/02/2022 13:24,32,100,10/04/2022 14:38,20,75,12/04/2022 23:09
nEey4EVula,Leroy,Bannister,47,80,08/01/2022 10:52,51,100,04/03/2022 06:19,52,100,10/04/2022 06:03,60,75,12/04/2022 22:54
SW766MJWPY,Stacy,Prentice,4,80,08/01/2022 11:04,51,100,18/02/2022 08:51,91,100,10/04/2022 05:28,12,75,12/04/2022 00:26
fFdnTZGcAS,Karina,Strong,22,80,03/01/2022 03:46,79,100,19/02/2022 12:41,52,100,10/04/2022 07:20,21,75,12/04/2022 17:16
6c66UFaJor,Garrett,Guzman,41,80,02/01/2022 19:03,28,100,26/02/2022 17:21,17,100,10/04/2022 00:29,27,75,12/04/2022 05:06
tG0eTGL8pb,Zac,Ayers,34,80,10/01/2022 16:48,44,100,07/02/2022 18:09,81,100,10/04/2022 04:28,17,75,12/04/2022 19:47
p1NC7D9e5J,Betsy,Hurley,40,80,05/01/2022 07:43,51,100,06/02/2022 04:02,98,100,10/04/2022 04:08,21,75,12/04/2022 00:36
Gj9hInBTIx,Viaan,Rose,12,80,05/01/2022 04:33,76,100,07/03/2022 15:58,41,100,10/04/2022 21:16,64,75,12/04/2022 12:30
uAtbFrwAN4,Kieran,Wilkins,60,80,02/01/2022 07:21,72,100,26/02/2022 22:56,25,100,10/04/2022 04:28,25,75,12/04/2022 10:15
OW37YMyg0t,Jayson,Rowland,26,80,02/01/2022 23:54,18,100,26/02/2022 22:14,25,100,10/04/2022 03:58,26,75,12/04/2022 00:09
t0XdZRR582,Reece,Ferry,79,80,07/01/2022 01:25,45,100,04/02/2022 00:16,33,100,10/04/2022 08:11,75,75,12/04/2022 22:41
Kc2fyNtGGM,Bessie,Watt,41,80,09/01/2022 16:15,41,100,28/02/2022 03:54,67,100,10/04/2022 19:20,17,75,12/04/2022 05:02
lafD4y8iId,Alessia,Quintana,27,80,06/01/2022 14:46,80,100,02/02/2022 04:56,58,100,10/04/2022 03:38,18,75,12/04/2022 00:51
OIk2CngTp1,Jean,Perez,37,80,07/01/2022 22:10,94,100,16/02/2022 01:19,51,100,10/04/2022 05:34,29,75,12/04/2022 11:09
27z48iDLT5,Nada,Franks,47,80,06/01/2022 10:52,29,100,14/02/2022 22:42,64,100,10/04/2022 06:46,9,75,12/04/2022 18:03
3P8KMjF5sV,Aran,Atherton,34,80,06/01/2022 13:55,35,100,08/02/2022 02:51,39,100,10/04/2022 11:16,31,75,12/04/2022 08:45
Va0GDUZhM6,Eman,Johns,29,80,05/01/2022 10:10,70,100,08/03/2022 03:35,86,100,10/04/2022 10:50,56,75,12/04/2022 07:15
l3cM7CelEv,Davina,Santos,44,80,08/01/2022 06:02,86,100,26/02/2022 13:02,34,100,10/04/2022 16:57,29,75,12/04/2022 22:49
Iyojm4IeNP,Yuvaan,Allen,31,80,04/01/2022 02:44,59,100,13/02/2022 20:35,76,100,10/04/2022 15:48,35,75,12/04/2022 13:49
lHeb8vLp85,Jaime,Harvey,47,80,08/01/2022 05:34,4,100,02/02/2022 01:35,5,100,10/04/2022 22:58,75,75,12/04/2022 11:49
QmT54XaQW2,Isabell,Butt,29,80,09/01/2022 04:14,8,100,16/02/2022 03:30,50,100,10/04/2022 18:12,42,75,12/04/2022 13:51
XET605vAxm,Niyah,Ryan,65,80,09/01/2022 22:11,51,100,27/02/2022 20:10,52,100,10/04/2022 16:41,38,75,12/04/2022 03:08
fZNEdTAaPd,Ainsley,Brookes,43,80,05/01/2022 13:39,81,100,18/02/2022 06:12,43,100,10/04/2022 19:43,60,75,12/04/2022 13:17
dxoAKt0Wrr,Anand,Holloway,35,80,08/01/2022 06:12,57,100,06/03/2022 11:37,6,100,10/04/2022 08:54,45,75,12/04/2022 00:57
FDIqTuYqU6,Omer,Ortiz,67,80,06/01/2022 00:59,19,100,10/02/2022 22:37,94,100,10/04/2022 00:11,63,75,12/04/2022 07:07
9QImLLyCQC,Jada,Preece,31,80,09/01/2022 17:53,98,100,01/02/2022 06:14,90,100,10/04/2022 17:51,16,75,12/04/2022 12:00
WZRcmbYXy6,Olivia,Riggs,25,80,06/01/2022 23:53,67,100,20/02/2022 20:32,8,100,10/04/2022 00:17,19,75,12/04/2022 11:14
YSNgrsgwTD,Belinda,Hamer,9,80,05/01/2022 17:38,27,100,18/02/2022 15:55,52,100,10/04/2022 12:07,13,75,12/04/2022 08:13
lHsPjtHGTN,Cem,Barclay,26,80,01/01/2022 19:30,51,100,26/02/2022 12:52,6,100,10/04/2022 07:16,27,75,12/04/2022 16:00
mmNEtYfxrS,Jeanette,Lennon,58,80,05/01/2022 02:03,10,100,10/02/2022 18:30,7,100,10/04/2022 05:05,11,75,12/04/2022 16:58
YYIiaZ0GpJ,Saffa,Hull,51,80,04/01/2022 20:37,7,100,05/02/2022 05:33,41,100,10/04/2022 21:59,47,75,12/04/2022 12:20
1KaSaq5ghr,Tamera,Odonnell,23,80,07/01/2022 00:59,91,100,23/02/2022 07:14,84,100,10/04/2022 04:22,41,75,12/04/2022 18:10
caXVqi0fVF,Nadeem,Kent,22,80,08/01/2022 04:43,5,100,19/02/2022 23:54,54,100,10/04/2022 07:12,51,75,12/04/2022 04:34
DzSdIS4WSU,Irving,Lancaster,66,80,05/01/2022 23:10,70,100,04/02/2022 16:54,75,100,10/04/2022 10:15,75,75,12/04/2022 04:02
3yjqneKD7D,Liya,Burch,54,80,07/01/2022 17:10,0,100,15/02/2022 01:39,95,100,10/04/2022 16:07,18,75,12/04/2022 23:36
Zjwme94SPt,Caris,Delgado,11,80,05/01/2022 04:05,54,100,07/02/2022 10:31,84,100,10/04/2022 19:48,27,75,12/04/2022 04:06
VZNQoJiRWX,Judy,Stanton,69,80,10/01/2022 12:55,63,100,23/02/2022 00:45,30,100,10/04/2022 05:55,28,75,12/04/2022 13:28
UJr8NexEih,Vivien,Solomon,11,80,04/01/2022 16:15,100,100,25/02/2022 19:10,11,100,10/04/2022 11:39,25,75,12/04/2022 16:59
gKTwMiQBDc,Kit,Mcnally,16,80,05/01/2022 04:24,29,100,02/03/2022 10:17,58,100,10/04/2022 15:52,56,75,12/04/2022 10:41
dQHXbBuG3y,Nuala,Muir,61,80,04/01/2022 23:59,34,100,16/02/2022 15:37,27,100,10/04/2022 03:38,61,75,12/04/2022 07:08
5xXMdDGf97,Heather,Stanley,51,80,01/01/2022 15:44,81,100,23/02/2022 11:28,38,100,10/04/2022 17:40,49,75,12/04/2022 13:15
hbRH3e2sQI,Benny,Oliver,74,80,09/01/2022 18:06,14,100,02/03/2022 01:37,56,100,10/04/2022 05:24,49,75,12/04/2022 01:10
4KlmuKWvmw,Rae,Adam,55,80,10/01/2022 06:51,98,100,26/02/2022 16:49,88,100,10/04/2022 18:27,0,75,12/04/2022 01:26
heOY7yJZ8E,Harper-Rose,Blankenship,10,80,09/01/2022 07:41,72,100,08/02/2022 06:49,44,100,10/04/2022 05:43,23,75,12/04/2022 06:11
5HcrSFJFHp,Conal,Spooner,25,80,03/01/2022 04:06,34,100,13/02/2022 06:20,81,100,10/04/2022 21:04,4,75,12/04/2022 04:37
JCdgxvf2Nk,Oisin,Rios,42,80,01/01/2022 08:45,93,100,22/02/2022 12:34,59,100,10/04/2022 04:47,1,75,12/04/2022 11:17
iCIWlxQabI,Alessandro,Rodrigues,6,80,07/01/2022 02:40,23,100,06/02/2022 20:46,10,100,10/04/2022 14:39,56,75,12/04/2022 15:28
HfqLUpnZAe,Patience,Harris,19,80,02/01/2022 02:13,14,100,01/02/2022 14:37,17,100,10/04/2022 14:32,59,75,12/04/2022 01:59
H5nPCNhfn6,Donna,Price,2,80,09/01/2022 10:13,83,100,08/02/2022 08:53,62,100,10/04/2022 16:25,26,75,12/04/2022 22:05
PhKKAabyx6,Margo,Griffiths,1,80,10/01/2022 20:39,70,100,15/02/2022 14:32,37,100,10/04/2022 19:08,15,75,12/04/2022 10:17
KXBqezsKa8,Lisa,Mckee,20,80,10/01/2022 03:13,73,100,13/02/2022 13:27,99,100,10/04/2022 11:04,34,75,12/04/2022 13:45
erTFleNGzC,Hubert,Mcintyre,1,80,01/01/2022 22:22,82,100,11/02/2022 12:02,68,100,10/04/2022 20:51,30,75,12/04/2022 07:39
EWX5wHKs0H,Frederic,Meyer,30,80,01/01/2022 18:25,78,100,02/03/2022 16:20,45,100,10/04/2022 11:20,63,75,12/04/2022 08:35
gJ8P6IV9x2,Andrew,Gardiner,57,80,01/01/2022 16:54,68,100,09/02/2022 16:12,64,100,10/04/2022 20:49,75,75,12/04/2022 14:43
dePv9zrXSc,Arman,Shah,58,80,01/01/2022 17:49,90,100,16/02/2022 11:33,72,100,10/04/2022 23:07,73,75,12/04/2022 16:45
j1FFBpwSGk,Cecelia,Kirkland,58,80,06/01/2022 08:05,89,100,28/02/2022 02:38,26,100,10/04/2022 15:58,8,75,12/04/2022 02:44
f1lnvRRXJj,Mali,Tyson,64,80,10/01/2022 14:29,99,100,08/02/2022 11:25,20,100,10/04/2022 04:29,51,75,12/04/2022 00:52
tdpW0J6nfG,Madihah,Collier,5,80,04/01/2022 06:49,89,100,11/02/2022 21:36,63,100,10/04/2022 02:23,25,75,12/04/2022 03:25
Ig32NS03A5,Toyah,Pena,43,80,10/01/2022 11:39,76,100,09/03/2022 18:18,43,100,10/04/2022 04:45,52,75,12/04/2022 08:58
WExzOWalOv,Nabilah,Rutledge,55,80,05/01/2022 05:48,29,100,05/03/2022 10:22,7,100,10/04/2022 10:40,53,75,12/04/2022 00:39
UpwUzTjgjU,Rocco,Salter,5,80,08/01/2022 06:06,46,100,28/02/2022 00:56,59,100,10/04/2022 06:41,64,75,12/04/2022 13:15
TTUlHprVRM,Pierre,Bird,74,80,09/01/2022 12:33,40,100,27/02/2022 15:39,54,100,10/04/2022 23:31,60,75,12/04/2022 23:05
g5tBzGOFJT,Gianni,Lester,45,80,07/01/2022 14:52,20,100,17/02/2022 08:37,60,100,10/04/2022 10:54,9,75,12/04/2022 06:46
sgggXSZAcN,Layla-Rose,Salas,10,80,06/01/2022 21:09,7,100,27/02/2022 11:30,59,100,10/04/2022 18:29,12,75,12/04/2022 12:19
4MaTqjMrKY,Rhona,Devine,54,80,09/01/2022 08:35,34,100,07/02/2022 15:54,1,100,10/04/2022 08:54,21,75,12/04/2022 03:25
OwlbKd6j93,Sanya,Felix,16,80,04/01/2022 17:05,35,100,25/02/2022 09:02,3,100,10/04/2022 10:26,36,75,12/04/2022 00:33
0i1nPRE7gP,Campbell,Iles,3,80,10/01/2022 04:59,85,100,24/02/2022 04:00,64,100,10/04/2022 18:58,7,75,12/04/2022 09:33
eDwEqkUg4e,Mara,Ramirez,61,80,06/01/2022 05:48,96,100,09/03/2022 05:02,67,100,10/04/2022 21:11,44,75,12/04/2022 15:15
ZaY7zAmo6F,Lily-Grace,Stout,65,80,08/01/2022 12:26,83,100,13/02/2022 08:02,40,100,10/04/2022 19:31,72,75,12/04/2022 18:25
l48iD2msZb,Etienne,Hardy,55,80,06/01/2022 15:31,8,100,12/02/2022 14:28,93,100,10/04/2022 11:33,10,75,12/04/2022 02:55
VkdFl3eTe6,Antonina,Corrigan,34,80,10/01/2022 12:14,71,100,06/02/2022 00:21,21,100,10/04/2022 13:40,70,75,12/04/2022 17:21
sxGlSZGq6n,Opal,Espinoza,75,80,06/01/2022 23:14,32,100,10/02/2022 07:20,94,100,10/04/2022 18:17,22,75,12/04/2022 22:09
fbn5CDZ2ze,Brandi,Andrade,69,80,06/01/2022 17:58,30,100,27/02/2022 05:00,39,100,10/04/2022 11:10,1,75,12/04/2022 03:54
VmU90W74m7,Theodor,Lowery,58,80,05/01/2022 18:06,4,100,21/02/2022 11:58,11,100,10/04/2022 05:36,74,75,12/04/2022 04:04
r2IcMt3t3o,Adem,Beck,55,80,02/01/2022 07:59,53,100,20/02/2022 09:14,88,100,10/04/2022 05:26,38,75,12/04/2022 05:06
mfOsTXHqKH,Franklin,Donnelly,44,80,06/01/2022 00:11,39,100,01/02/2022 00:35,39,100,10/04/2022 22:55,26,75,12/04/2022 12:32
EFczgvKrLM,Seamus,Leach,20,80,02/01/2022 21:19,87,100,04/03/2022 03:07,35,100,10/04/2022 12:03,38,75,12/04/2022 15:40
wuiazXITna,Shanai,Browning,60,80,02/01/2022 12:25,27,100,04/02/2022 14:42,30,100,10/04/2022 02:27,40,75,12/04/2022 09:48
rlUeTZhehJ,Shana,Rollins,26,80,08/01/2022 15:10,67,100,09/02/2022 12:49,20,100,10/04/2022 18:53,72,75,12/04/2022 21:27
1sb1sWUL5D,Kaydon,Haworth,34,80,01/01/2022 13:41,66,100,13/02/2022 10:52,24,100,10/04/2022 17:45,64,75,12/04/2022 02:54
uLrF3guxYa,Paolo,Cantrell,29,80,09/01/2022 06:26,76,100,05/03/2022 05:21,28,100,10/04/2022 03:49,12,75,12/04/2022 20:18
