Last Name,First Name,Email Address,Grade
Busby,Thea,BusbyT@fakeCollege.ac.uk,14
Beach,Shelbie,BeachS@fakeCollege.ac.uk,10
Bowers,Jocelyn,BowersJ@fakeCollege.ac.uk,12
Larson,Safiyyah,LarsonS@fakeCollege.ac.uk,7
Hope,Tomasz,HopeT@fakeCollege.ac.uk,11
Mathis,Montel,MathisM@fakeCollege.ac.uk,4
Moody,Jordan,MoodyJ@fakeCollege.ac.uk,1
Parks,Derren,ParksD@fakeCollege.ac.uk,7
Coffey,Devante,CoffeyD@fakeCollege.ac.uk,2
Gomez,Dione,GomezD@fakeCollege.ac.uk,11
Rojas,Maureen,RojasM@fakeCollege.ac.uk,3
Lee,Jimmy,LeeJ@fakeCollege.ac.uk,6
Webber,Michelle,WebberM@fakeCollege.ac.uk,14
Wolf,Kade,WolfK@fakeCollege.ac.uk,0
Waters,Adem,WatersA@fakeCollege.ac.uk,0
Smyth,Ian,SmythI@fakeCollege.ac.uk,5
Butt,Ravinder,ButtR@fakeCollege.ac.uk,14
Partridge,Connor,PartridgeC@fakeCollege.ac.uk,3
Couch,Brent,CouchB@fakeCollege.ac.uk,10
Lindsay,Janice,LindsayJ@fakeCollege.ac.uk,2
Macdonald,Ellesha,MacdonaldE@fakeCollege.ac.uk,12
Payne,Annie,PayneA@fakeCollege.ac.uk,6
Townsend,Abdur-Rahman,TownsendA@fakeCollege.ac.uk,6
Nielsen,Lee,NielsenL@fakeCollege.ac.uk,14
Bradford,Madeeha,BradfordM@fakeCollege.ac.uk,12
Lozano,Ezra,LozanoE@fakeCollege.ac.uk,2
English,Nate,EnglishN@fakeCollege.ac.uk,9
James,Alayna,JamesA@fakeCollege.ac.uk,4
Cortes,Martha,CortesM@fakeCollege.ac.uk,1
May,Makenzie,MayM@fakeCollege.ac.uk,1
Soto,Miah,SotoM@fakeCollege.ac.uk,9
Henry,Katie,HenryK@fakeCollege.ac.uk,15
Harmon,Darcy,HarmonD@fakeCollege.ac.uk,0
Callahan,Aimee,CallahanA@fakeCollege.ac.uk,0
Lamb,Konnor,LambK@fakeCollege.ac.uk,13
Montoya,Elli,MontoyaE@fakeCollege.ac.uk,6
Swan,Harrison,SwanH@fakeCollege.ac.uk,9
Thomas,Jagoda,ThomasJ@fakeCollege.ac.uk,1
Dalton,Aleyna,DaltonA@fakeCollege.ac.uk,7
Whelan,Shamas,WhelanS@fakeCollege.ac.uk,0
Neale,Lindsay,NealeL@fakeCollege.ac.uk,14
Bush,Shania,BushS@fakeCollege.ac.uk,9
Welsh,Ciaron,WelshC@fakeCollege.ac.uk,8
O'Quinn,Cassandra,O'QuinnC@fakeCollege.ac.uk,11
Dawson,Courtney,DawsonC@fakeCollege.ac.uk,5
Armitage,Aubrey,ArmitageA@fakeCollege.ac.uk,2
Britt,Isaiah,BrittI@fakeCollege.ac.uk,3
Cabrera,Zakariyah,CabreraZ@fakeCollege.ac.uk,5
Peralta,Jadon,PeraltaJ@fakeCollege.ac.uk,9
Daniels,Atticus,DanielsA@fakeCollege.ac.uk,14
Powell,Jordi,PowellJ@fakeCollege.ac.uk,6
Kelly,Jon-Paul,KellyJ@fakeCollege.ac.uk,9
Mckinney,Mario,MckinneyM@fakeCollege.ac.uk,2
Wagner,River,WagnerR@fakeCollege.ac.uk,3
Hackett,Keaton,HackettK@fakeCollege.ac.uk,1
Singh,Fox,SinghF@fakeCollege.ac.uk,7
Stubbs,Codie,StubbsC@fakeCollege.ac.uk,11
Montes,Kie,MontesK@fakeCollege.ac.uk,9
Dunn,Devin,DunnD@fakeCollege.ac.uk,5
Knights,Hadley,KnightsH@fakeCollege.ac.uk,4
Rennie,Ezekiel,RennieE@fakeCollege.ac.uk,12
Stone,Isabell,StoneI@fakeCollege.ac.uk,8
Tapia,Jodie,TapiaJ@fakeCollege.ac.uk,15
Dalby,Kishan,DalbyK@fakeCollege.ac.uk,7
Bob,Millie-Mae,BobM@fakeCollege.ac.uk,14
Francis,Huma,FrancisH@fakeCollege.ac.uk,10
Petty,Ahmad,PettyA@fakeCollege.ac.uk,2
Branch,Umer,BranchU@fakeCollege.ac.uk,3
Case,Virginia,CaseV@fakeCollege.ac.uk,13
Bateman,Brodie,BatemanB@fakeCollege.ac.uk,3
Miles,Sachin,MilesS@fakeCollege.ac.uk,2
Lovell,Rahma,LovellR@fakeCollege.ac.uk,1
Green,Roger,GreenR@fakeCollege.ac.uk,0
Perez,Paolo,PerezP@fakeCollege.ac.uk,5
Wise,Tracey,WiseT@fakeCollege.ac.uk,0
Wharton,Asiyah,WhartonA@fakeCollege.ac.uk,6
Mcdonald,Riya,McdonaldR@fakeCollege.ac.uk,8
Guy,Penelope,GuyP@fakeCollege.ac.uk,3
Lister,Frederic,ListerF@fakeCollege.ac.uk,4
Horner,Braydon,HornerB@fakeCollege.ac.uk,3
Donaldson,Najma,DonaldsonN@fakeCollege.ac.uk,3
Campos,Christina,CamposC@fakeCollege.ac.uk,15
Bonilla,Leonard,BonillaL@fakeCollege.ac.uk,12
Burris,Amna,BurrisA@fakeCollege.ac.uk,13
Farrell,Chanice,FarrellC@fakeCollege.ac.uk,11
Daly,Sarah-Louise,DalyS@fakeCollege.ac.uk,7
Avery,Santino,AveryS@fakeCollege.ac.uk,11
Mcgee,Skylar,McgeeS@fakeCollege.ac.uk,8
Rasmussen,Edith,RasmussenE@fakeCollege.ac.uk,5
Moreno,Asha,MorenoA@fakeCollege.ac.uk,15
Matthews,Kayla,MatthewsK@fakeCollege.ac.uk,10
Schultz,Caleb,SchultzC@fakeCollege.ac.uk,13
Irwin,Riccardo,IrwinR@fakeCollege.ac.uk,3
Fletcher,June,FletcherJ@fakeCollege.ac.uk,5
Fuller,Armaan,FullerA@fakeCollege.ac.uk,9
Hopper,Rubie,HopperR@fakeCollege.ac.uk,12
Mcbride,Mayson,McbrideM@fakeCollege.ac.uk,2
Whittle,Jacqueline,WhittleJ@fakeCollege.ac.uk,8
Huynh,Griff,HuynhG@fakeCollege.ac.uk,1
Tang,Perry,TangP@fakeCollege.ac.uk,0
Coleman,Ariel,ColemanA@fakeCollege.ac.uk,14
Russo,Brenda,RussoB@fakeCollege.ac.uk,5
Gentry,Christine,GentryC@fakeCollege.ac.uk,12
Lucas,Lyla-Rose,LucasL@fakeCollege.ac.uk,0
Bennett,Zakariya,BennettZ@fakeCollege.ac.uk,3
Hart,Hamid,HartH@fakeCollege.ac.uk,2
Richard,Mila,RichardM@fakeCollege.ac.uk,11
Schmitt,Theodore,SchmittT@fakeCollege.ac.uk,11
Carpenter,Eli,CarpenterE@fakeCollege.ac.uk,6
Rivera,Madison,RiveraM@fakeCollege.ac.uk,15
Sweeney,Sahara,SweeneyS@fakeCollege.ac.uk,0
Dickson,Ellenor,DicksonE@fakeCollege.ac.uk,5
Benton,Eloise,BentonE@fakeCollege.ac.uk,1
Chadwick,Sunil,ChadwickS@fakeCollege.ac.uk,10
Hickman,Layla,HickmanL@fakeCollege.ac.uk,1
Merritt,Rebekah,MerrittR@fakeCollege.ac.uk,3
Gomez,Zhane,GomezZ@fakeCollege.ac.uk,1
Curtis,Charly,CurtisC@fakeCollege.ac.uk,7
Marriott,Fletcher,MarriottF@fakeCollege.ac.uk,8
Finley,Amelia-Mae,FinleyA@fakeCollege.ac.uk,13
Bannister,Leroy,BannisterL@fakeCollege.ac.uk,13
Prentice,Stacy,PrenticeS@fakeCollege.ac.uk,15
Strong,Karina,StrongK@fakeCollege.ac.uk,13
Guzman,Garrett,GuzmanG@fakeCollege.ac.uk,10
Ayers,Zac,AyersZ@fakeCollege.ac.uk,3
Hurley,Betsy,HurleyB@fakeCollege.ac.uk,7
Rose,Viaan,RoseV@fakeCollege.ac.uk,8
Wilkins,Kieran,WilkinsK@fakeCollege.ac.uk,11
Rowland,Jayson,RowlandJ@fakeCollege.ac.uk,5
Ferry,Reece,FerryR@fakeCollege.ac.uk,2
Watt,Bessie,WattB@fakeCollege.ac.uk,9
Quintana,Alessia,QuintanaA@fakeCollege.ac.uk,1
Perez,Jean,PerezJ@fakeCollege.ac.uk,15
Franks,Nada,FranksN@fakeCollege.ac.uk,8
Atherton,Aran,AthertonA@fakeCollege.ac.uk,11
Johns,Eman,JohnsE@fakeCollege.ac.uk,12
Santos,Davina,SantosD@fakeCollege.ac.uk,12
Allen,Yuvaan,AllenY@fakeCollege.ac.uk,10
Harvey,Jaime,HarveyJ@fakeCollege.ac.uk,2
Butt,Isabell,ButtI@fakeCollege.ac.uk,1
Ryan,Niyah,RyanN@fakeCollege.ac.uk,13
Brookes,Ainsley,BrookesA@fakeCollege.ac.uk,3
Holloway,Anand,HollowayA@fakeCollege.ac.uk,2
Ortiz,Omer,OrtizO@fakeCollege.ac.uk,0
Preece,Jada,PreeceJ@fakeCollege.ac.uk,3
Riggs,Olivia,RiggsO@fakeCollege.ac.uk,15
Hamer,Belinda,HamerB@fakeCollege.ac.uk,15
Barclay,Cem,BarclayC@fakeCollege.ac.uk,8
Lennon,Jeanette,LennonJ@fakeCollege.ac.uk,13
Hull,Saffa,HullS@fakeCollege.ac.uk,3
Odonnell,Tamera,OdonnellT@fakeCollege.ac.uk,5
Kent,Nadeem,KentN@fakeCollege.ac.uk,7
Lancaster,Irving,LancasterI@fakeCollege.ac.uk,5
Burch,Liya,BurchL@fakeCollege.ac.uk,9
Delgado,Caris,DelgadoC@fakeCollege.ac.uk,6
Stanton,Judy,StantonJ@fakeCollege.ac.uk,4
Solomon,Vivien,SolomonV@fakeCollege.ac.uk,15
Mcnally,Kit,McnallyK@fakeCollege.ac.uk,9
Muir,Nuala,MuirN@fakeCollege.ac.uk,9
Stanley,Heather,StanleyH@fakeCollege.ac.uk,5
Oliver,Benny,OliverB@fakeCollege.ac.uk,0
Adam,Rae,AdamR@fakeCollege.ac.uk,1
Blankenship,Harper-Rose,BlankenshipH@fakeCollege.ac.uk,3
Spooner,Conal,SpoonerC@fakeCollege.ac.uk,5
Rios,Oisin,RiosO@fakeCollege.ac.uk,8
Rodrigues,Alessandro,RodriguesA@fakeCollege.ac.uk,10
Harris,Patience,HarrisP@fakeCollege.ac.uk,5
Price,Donna,PriceD@fakeCollege.ac.uk,13
Griffiths,Margo,GriffithsM@fakeCollege.ac.uk,10
Mckee,Lisa,MckeeL@fakeCollege.ac.uk,6
Mcintyre,Hubert,McintyreH@fakeCollege.ac.uk,2
Meyer,Frederic,MeyerF@fakeCollege.ac.uk,11
Gardiner,Andrew,GardinerA@fakeCollege.ac.uk,12
Shah,Arman,ShahA@fakeCollege.ac.uk,13
Kirkland,Cecelia,KirklandC@fakeCollege.ac.uk,4
Tyson,Mali,TysonM@fakeCollege.ac.uk,7
Collier,Madihah,CollierM@fakeCollege.ac.uk,6
Pena,Toyah,PenaT@fakeCollege.ac.uk,4
Rutledge,Nabilah,RutledgeN@fakeCollege.ac.uk,10
Salter,Rocco,SalterR@fakeCollege.ac.uk,3
Bird,Pierre,BirdP@fakeCollege.ac.uk,9
Lester,Gianni,LesterG@fakeCollege.ac.uk,5
Salas,Layla-Rose,SalasL@fakeCollege.ac.uk,9
Devine,Rhona,DevineR@fakeCollege.ac.uk,5
Felix,Sanya,FelixS@fakeCollege.ac.uk,3
Iles,Campbell,IlesC@fakeCollege.ac.uk,9
Ramirez,Mara,RamirezM@fakeCollege.ac.uk,15
Stout,Lily-Grace,StoutL@fakeCollege.ac.uk,8
Hardy,Etienne,HardyE@fakeCollege.ac.uk,10
Corrigan,Antonina,CorriganA@fakeCollege.ac.uk,9
Espinoza,Opal,EspinozaO@fakeCollege.ac.uk,7
Andrade,Brandi,AndradeB@fakeCollege.ac.uk,6
Lowery,Theodor,LoweryT@fakeCollege.ac.uk,4
Beck,Adem,BeckA@fakeCollege.ac.uk,0
Donnelly,Franklin,DonnellyF@fakeCollege.ac.uk,11
Leach,Seamus,LeachS@fakeCollege.ac.uk,4
Browning,Shanai,BrowningS@fakeCollege.ac.uk,3
Rollins,Shana,RollinsS@fakeCollege.ac.uk,1
Haworth,Kaydon,HaworthK@fakeCollege.ac.uk,1
Cantrell,Paolo,CantrellP@fakeCollege.ac.uk,1
